Id	Category	NoiDung
1	Sell	Selling 1
2	Sell	Selling 2
3	Sell	Selling 3
4	Sell	Selling 4
5	Sell	Selling 5
6	Sell	Selling 6
7	Sell	Selling 7
8	Sell	Selling 8
9	Sell	Selling 9
10	Sell	Selling 10
11	Sell	Selling 11
12	Sell	Selling 12
13	Sell	Selling 13
14	Sell	Selling 14
15	Sell	Selling 15
16	Sell	Selling 16
17	Sell	Selling 17
18	Sell	Selling 18
19	Sell	Selling 19
20	Sell	Selling 20
21	Sell	Selling 21
22	Sell	Selling 22
23	Sell	Selling 23
24	Sell	Selling 24
25	Sell	Selling 25
26	Sell	Selling 26
27	Sell	Selling 27
28	Sell	Selling 28
29	Sell	Selling 29
30	Sell	Selling 30
31	Sell	Selling 31
32	Sell	Selling 32
33	Sell	Selling 33
34	Sell	Selling 34
35	Sell	Selling 35
36	Sell	Selling 36
37	Sell	Selling 37
38	Sell	Selling 38
39	Sell	Selling 39
40	Sell	Selling 40
41	Sell	Selling 41
42	Sell	Selling 42
43	Sell	Selling 43
44	Sell	Selling 44
45	Sell	Selling 45
46	Sell	Selling 46
47	Sell	Selling 47
48	Sell	Selling 48
49	Sell	Selling 49
50	Sell	Selling 50
51	Sell	Selling 51
52	Sell	Selling 52
53	Sell	Selling 53
54	Sell	Selling 54
55	Sell	Selling 55
56	Sell	Selling 56
57	Sell	Selling 57
58	Sell	Selling 58
59	Sell	Selling 59
60	Sell	Selling 60
61	Sell	Selling 61
62	Sell	Selling 62
63	Sell	Selling 63
64	Sell	Selling 64
65	Sell	Selling 65
66	Sell	Selling 66
67	Sell	Selling 67
68	Sell	Selling 68
69	Sell	Selling 69
70	Sell	Selling 70
71	Sell	Selling 71
72	Sell	Selling 72
73	Sell	Selling 73
74	Sell	Selling 74
75	Sell	Selling 75
76	Sell	Selling 76
77	Sell	Selling 77
78	Sell	Selling 78
79	Sell	Selling 79
80	Sell	Selling 80
81	Sell	Selling 81
82	Sell	Selling 82
83	Sell	Selling 83
84	Sell	Selling 84
85	Sell	Selling 85
86	Sell	Selling 86
87	Sell	Selling 87
88	Sell	Selling 88
89	Sell	Selling 89
90	Sell	Selling 90
91	Sell	Selling 91
92	Sell	Selling 92
93	Sell	Selling 93
94	Sell	Selling 94
95	Sell	Selling 95
96	Sell	Selling 96
97	Sell	Selling 97
98	Sell	Selling 98
99	Sell	Selling 99
100	Sell	Selling 100
101	Sell	Selling 101
102	Sell	Selling 102
103	Sell	Selling 103
104	Sell	Selling 104
105	Sell	Selling 105
106	Sell	Selling 106
107	Sell	Selling 107
108	Sell	Selling 108
109	Sell	Selling 109
110	Sell	Selling 110
111	Sell	Selling 111
112	Sell	Selling 112
113	Sell	Selling 113
114	Sell	Selling 114
115	Sell	Selling 115
116	Sell	Selling 116
117	Sell	Selling 117
118	Sell	Selling 118
119	Sell	Selling 119
120	Sell	Selling 120
121	Sell	Selling 121
122	Sell	Selling 122
123	Sell	Selling 123
124	Sell	Selling 124
125	Sell	Selling 125
126	Sell	Selling 126
127	Sell	Selling 127
128	Sell	Selling 128
129	Sell	Selling 129
130	Sell	Selling 130
131	Sell	Selling 131
132	Sell	Selling 132
133	Sell	Selling 133
134	Sell	Selling 134
135	Sell	Selling 135
136	Sell	Selling 136
137	Sell	Selling 137
138	Sell	Selling 138
139	Sell	Selling 139
140	Sell	Selling 140
141	Sell	Selling 141
142	Sell	Selling 142
143	Sell	Selling 143
144	Sell	Selling 144
145	Sell	Selling 145
146	Sell	Selling 146
147	Sell	Selling 147
148	Sell	Selling 148
149	Sell	Selling 149
150	Sell	Selling 150
151	Sell	Selling 151
152	Sell	Selling 152
153	Sell	Selling 153
154	Sell	Selling 154
155	Sell	Selling 155
156	Sell	Selling 156
157	Sell	Selling 157
158	Sell	Selling 158
159	Sell	Selling 159
160	Sell	Selling 160
161	Sell	Selling 161
162	Sell	Selling 162
163	Sell	Selling 163
164	Sell	Selling 164
165	Sell	Selling 165
166	Sell	Selling 166
167	Sell	Selling 167
168	Sell	Selling 168
169	Sell	Selling 169
170	Sell	Selling 170
171	Sell	Selling 171
172	Sell	Selling 172
173	Sell	Selling 173
174	Sell	Selling 174
175	Sell	Selling 175
176	Sell	Selling 176
177	Sell	Selling 177
178	Sell	Selling 178
179	Sell	Selling 179
180	Sell	Selling 180
181	Sell	Selling 181
182	Sell	Selling 182
183	Sell	Selling 183
184	Sell	Selling 184
185	Sell	Selling 185
186	Sell	Selling 186
187	Sell	Selling 187
188	Sell	Selling 188
189	Sell	Selling 189
190	Sell	Selling 190
191	Sell	Selling 191
192	Sell	Selling 192
193	Sell	Selling 193
194	Sell	Selling 194
195	Sell	Selling 195
196	Sell	Selling 196
197	Sell	Selling 197
198	Sell	Selling 198
199	Sell	Selling 199
200	Sell	Selling 200
201	Sell	Selling 201
202	Sell	Selling 202
203	Sell	Selling 203
204	Sell	Selling 204
205	Sell	Selling 205
206	Sell	Selling 206
207	Sell	Selling 207
208	Sell	Selling 208
209	Sell	Selling 209
210	Sell	Selling 210
211	Sell	Selling 211
212	Sell	Selling 212
213	Sell	Selling 213
214	Sell	Selling 214
215	Sell	Selling 215
216	Sell	Selling 216
217	Sell	Selling 217
218	Sell	Selling 218
219	Sell	Selling 219
220	Sell	Selling 220
221	Sell	Selling 221
222	Sell	Selling 222
223	Sell	Selling 223
224	Sell	Selling 224
225	Sell	Selling 225
226	Sell	Selling 226
227	Sell	Selling 227
228	Sell	Selling 228
229	Sell	Selling 229
230	Sell	Selling 230
231	Sell	Selling 231
232	Sell	Selling 232
233	Sell	Selling 233
234	Sell	Selling 234
235	Sell	Selling 235
236	Sell	Selling 236
237	Sell	Selling 237
238	Sell	Selling 238
239	Sell	Selling 239
240	Sell	Selling 240
241	Sell	Selling 241
242	Sell	Selling 242
243	Sell	Selling 243
244	Sell	Selling 244
245	Sell	Selling 245
246	Sell	Selling 246
247	Sell	Selling 247
248	Sell	Selling 248
249	Sell	Selling 249
250	Sell	Selling 250
251	Sell	Selling 251
252	Sell	Selling 252
253	Sell	Selling 253
254	Sell	Selling 254
255	Sell	Selling 255
256	Sell	Selling 256
257	Sell	Selling 257
258	Sell	Selling 258
259	Sell	Selling 259
260	Sell	Selling 260
261	Sell	Selling 261
262	Sell	Selling 262
263	Sell	Selling 263
264	Sell	Selling 264
265	Sell	Selling 265
266	Sell	Selling 266
267	Sell	Selling 267
268	Sell	Selling 268
269	Sell	Selling 269
270	Sell	Selling 270
271	Sell	Selling 271
272	Sell	Selling 272
273	Sell	Selling 273
274	Sell	Selling 274
275	Sell	Selling 275
276	Sell	Selling 276
277	Sell	Selling 277
278	Sell	Selling 278
279	Sell	Selling 279
280	Sell	Selling 280
281	Sell	Selling 281
282	Sell	Selling 282
283	Sell	Selling 283
284	Sell	Selling 284
285	Sell	Selling 285
286	Sell	Selling 286
287	Sell	Selling 287
288	Sell	Selling 288
289	Sell	Selling 289
290	Sell	Selling 290
291	Sell	Selling 291
292	Sell	Selling 292
293	Sell	Selling 293
294	Sell	Selling 294
295	Sell	Selling 295
296	Sell	Selling 296
297	Sell	Selling 297
298	Sell	Selling 298
299	Sell	Selling 299
300	Sell	Selling 300
301	Game	Gaming 301
302	Game	Gaming 302
303	Game	Gaming 303
304	Game	Gaming 304
305	Game	Gaming 305
306	Game	Gaming 306
307	Game	Gaming 307
308	Game	Gaming 308
309	Game	Gaming 309
310	Game	Gaming 310
311	Game	Gaming 311
312	Game	Gaming 312
313	Game	Gaming 313
314	Game	Gaming 314
315	Game	Gaming 315
316	Game	Gaming 316
317	Game	Gaming 317
318	Game	Gaming 318
319	Game	Gaming 319
320	Game	Gaming 320
321	Game	Gaming 321
322	Game	Gaming 322
323	Game	Gaming 323
324	Game	Gaming 324
325	Game	Gaming 325
326	Game	Gaming 326
327	Game	Gaming 327
328	Game	Gaming 328
329	Game	Gaming 329
330	Game	Gaming 330
331	Game	Gaming 331
332	Game	Gaming 332
333	Game	Gaming 333
334	Game	Gaming 334
335	Game	Gaming 335
336	Game	Gaming 336
337	Game	Gaming 337
338	Game	Gaming 338
339	Game	Gaming 339
340	Game	Gaming 340
341	Game	Gaming 341
342	Game	Gaming 342
343	Game	Gaming 343
344	Game	Gaming 344
345	Game	Gaming 345
346	Game	Gaming 346
347	Game	Gaming 347
348	Game	Gaming 348
349	Game	Gaming 349
350	Game	Gaming 350
351	Game	Gaming 351
352	Game	Gaming 352
353	Game	Gaming 353
354	Game	Gaming 354
355	Game	Gaming 355
356	Game	Gaming 356
357	Game	Gaming 357
358	Game	Gaming 358
359	Game	Gaming 359
360	Game	Gaming 360
361	Game	Gaming 361
362	Game	Gaming 362
363	Game	Gaming 363
364	Game	Gaming 364
365	Game	Gaming 365
366	Game	Gaming 366
367	Game	Gaming 367
368	Game	Gaming 368
369	Game	Gaming 369
370	Game	Gaming 370
371	Game	Gaming 371
372	Game	Gaming 372
373	Game	Gaming 373
374	Game	Gaming 374
375	Game	Gaming 375
376	Game	Gaming 376
377	Game	Gaming 377
378	Game	Gaming 378
379	Game	Gaming 379
380	Game	Gaming 380
381	Game	Gaming 381
382	Game	Gaming 382
383	Game	Gaming 383
384	Game	Gaming 384
385	Game	Gaming 385
386	Game	Gaming 386
387	Game	Gaming 387
388	Game	Gaming 388
389	Game	Gaming 389
390	Game	Gaming 390
391	Game	Gaming 391
392	Game	Gaming 392
393	Game	Gaming 393
394	Game	Gaming 394
395	Game	Gaming 395
396	Game	Gaming 396
397	Game	Gaming 397
398	Game	Gaming 398
399	Game	Gaming 399
400	Game	Gaming 400
401	Game	Gaming 401
402	Game	Gaming 402
403	Game	Gaming 403
404	Game	Gaming 404
405	Game	Gaming 405
406	Game	Gaming 406
407	Game	Gaming 407
408	Game	Gaming 408
409	Game	Gaming 409
410	Game	Gaming 410
411	Game	Gaming 411
412	Game	Gaming 412
413	Game	Gaming 413
414	Game	Gaming 414
415	Game	Gaming 415
416	Game	Gaming 416
417	Game	Gaming 417
418	Game	Gaming 418
419	Game	Gaming 419
420	Game	Gaming 420
421	Game	Gaming 421
422	Game	Gaming 422
423	Game	Gaming 423
424	Game	Gaming 424
425	Game	Gaming 425
426	Game	Gaming 426
427	Game	Gaming 427
428	Game	Gaming 428
429	Game	Gaming 429
430	Game	Gaming 430
431	Game	Gaming 431
432	Game	Gaming 432
433	Game	Gaming 433
434	Game	Gaming 434
435	Game	Gaming 435
436	Game	Gaming 436
437	Game	Gaming 437
438	Game	Gaming 438
439	Game	Gaming 439
440	Game	Gaming 440
441	Game	Gaming 441
442	Game	Gaming 442
443	Game	Gaming 443
444	Game	Gaming 444
445	Game	Gaming 445
446	Game	Gaming 446
447	Game	Gaming 447
448	Game	Gaming 448
449	Game	Gaming 449
450	Game	Gaming 450
451	Game	Gaming 451
452	Game	Gaming 452
453	Game	Gaming 453
454	Game	Gaming 454
455	Game	Gaming 455
456	Game	Gaming 456
457	Game	Gaming 457
458	Game	Gaming 458
459	Game	Gaming 459
460	Game	Gaming 460
461	Game	Gaming 461
462	Game	Gaming 462
463	Game	Gaming 463
464	Game	Gaming 464
465	Game	Gaming 465
466	Game	Gaming 466
467	Game	Gaming 467
468	Game	Gaming 468
469	Game	Gaming 469
470	Game	Gaming 470
471	Game	Gaming 471
472	Game	Gaming 472
473	Game	Gaming 473
474	Game	Gaming 474
475	Game	Gaming 475
476	Game	Gaming 476
477	Game	Gaming 477
478	Game	Gaming 478
479	Game	Gaming 479
480	Game	Gaming 480
481	Game	Gaming 481
482	Game	Gaming 482
483	Game	Gaming 483
484	Game	Gaming 484
485	Game	Gaming 485
486	Game	Gaming 486
487	Game	Gaming 487
488	Game	Gaming 488
489	Game	Gaming 489
490	Game	Gaming 490
491	Game	Gaming 491
492	Game	Gaming 492
493	Game	Gaming 493
494	Game	Gaming 494
495	Game	Gaming 495
496	Game	Gaming 496
497	Game	Gaming 497
498	Game	Gaming 498
499	Game	Gaming 499
500	Game	Gaming 500
501	Game	Gaming 501
502	Game	Gaming 502
503	Game	Gaming 503
504	Game	Gaming 504
505	Game	Gaming 505
506	Game	Gaming 506
507	Game	Gaming 507
508	Game	Gaming 508
509	Game	Gaming 509
510	Game	Gaming 510
511	Game	Gaming 511
512	Game	Gaming 512
513	Game	Gaming 513
514	Game	Gaming 514
515	Game	Gaming 515
516	Game	Gaming 516
517	Game	Gaming 517
518	Game	Gaming 518
519	Game	Gaming 519
520	Game	Gaming 520
521	Game	Gaming 521
522	Game	Gaming 522
523	Game	Gaming 523
524	Game	Gaming 524
525	Game	Gaming 525
526	Game	Gaming 526
527	Game	Gaming 527
528	Game	Gaming 528
529	Game	Gaming 529
530	Game	Gaming 530
531	Game	Gaming 531
532	Game	Gaming 532
533	Game	Gaming 533
534	Game	Gaming 534
535	Game	Gaming 535
536	Game	Gaming 536
537	Game	Gaming 537
538	Game	Gaming 538
539	Game	Gaming 539
540	Game	Gaming 540
541	Game	Gaming 541
542	Game	Gaming 542
543	Game	Gaming 543
544	Game	Gaming 544
545	Game	Gaming 545
546	Game	Gaming 546
547	Game	Gaming 547
548	Game	Gaming 548
549	Game	Gaming 549
550	Game	Gaming 550
551	Game	Gaming 551
552	Game	Gaming 552
553	Game	Gaming 553
554	Game	Gaming 554
555	Game	Gaming 555
556	Game	Gaming 556
557	Game	Gaming 557
558	Game	Gaming 558
559	Game	Gaming 559
560	Game	Gaming 560
561	Game	Gaming 561
562	Game	Gaming 562
563	Game	Gaming 563
564	Game	Gaming 564
565	Game	Gaming 565
566	Game	Gaming 566
567	Game	Gaming 567
568	Game	Gaming 568
569	Game	Gaming 569
570	Game	Gaming 570
571	Game	Gaming 571
572	Game	Gaming 572
573	Game	Gaming 573
574	Game	Gaming 574
575	Game	Gaming 575
576	Game	Gaming 576
577	Game	Gaming 577
578	Game	Gaming 578
579	Game	Gaming 579
580	Game	Gaming 580
581	Game	Gaming 581
582	Game	Gaming 582
583	Game	Gaming 583
584	Game	Gaming 584
585	Game	Gaming 585
586	Game	Gaming 586
587	Game	Gaming 587
588	Game	Gaming 588
589	Game	Gaming 589
590	Game	Gaming 590
591	Game	Gaming 591
592	Game	Gaming 592
593	Game	Gaming 593
594	Game	Gaming 594
595	Game	Gaming 595
596	Game	Gaming 596
597	Game	Gaming 597
598	Game	Gaming 598
599	Game	Gaming 599
600	Game	Gaming 600
601	Video	Video 601
602	Video	Video 602
603	Video	Video 603
604	Video	Video 604
605	Video	Video 605
606	Video	Video 606
607	Video	Video 607
608	Video	Video 608
609	Video	Video 609
610	Video	Video 610
611	Video	Video 611
612	Video	Video 612
613	Video	Video 613
614	Video	Video 614
615	Video	Video 615
616	Video	Video 616
617	Video	Video 617
618	Video	Video 618
619	Video	Video 619
620	Video	Video 620
621	Video	Video 621
622	Video	Video 622
623	Video	Video 623
624	Video	Video 624
625	Video	Video 625
626	Video	Video 626
627	Video	Video 627
628	Video	Video 628
629	Video	Video 629
630	Video	Video 630
631	Video	Video 631
632	Video	Video 632
633	Video	Video 633
634	Video	Video 634
635	Video	Video 635
636	Video	Video 636
637	Video	Video 637
638	Video	Video 638
639	Video	Video 639
640	Video	Video 640
641	Video	Video 641
642	Video	Video 642
643	Video	Video 643
644	Video	Video 644
645	Video	Video 645
646	Video	Video 646
647	Video	Video 647
648	Video	Video 648
649	Video	Video 649
650	Video	Video 650
651	Video	Video 651
652	Video	Video 652
653	Video	Video 653
654	Video	Video 654
655	Video	Video 655
656	Video	Video 656
657	Video	Video 657
658	Video	Video 658
659	Video	Video 659
660	Video	Video 660
661	Video	Video 661
662	Video	Video 662
663	Video	Video 663
664	Video	Video 664
665	Video	Video 665
666	Video	Video 666
667	Video	Video 667
668	Video	Video 668
669	Video	Video 669
670	Video	Video 670
671	Video	Video 671
672	Video	Video 672
673	Video	Video 673
674	Video	Video 674
675	Video	Video 675
676	Video	Video 676
677	Video	Video 677
678	Video	Video 678
679	Video	Video 679
680	Video	Video 680
681	Video	Video 681
682	Video	Video 682
683	Video	Video 683
684	Video	Video 684
685	Video	Video 685
686	Video	Video 686
687	Video	Video 687
688	Video	Video 688
689	Video	Video 689
690	Video	Video 690
691	Video	Video 691
692	Video	Video 692
693	Video	Video 693
694	Video	Video 694
695	Video	Video 695
696	Video	Video 696
697	Video	Video 697
698	Video	Video 698
699	Video	Video 699
700	Video	Video 700
701	Video	Video 701
702	Video	Video 702
703	Video	Video 703
704	Video	Video 704
705	Video	Video 705
706	Video	Video 706
707	Video	Video 707
708	Video	Video 708
709	Video	Video 709
710	Video	Video 710
711	Video	Video 711
712	Video	Video 712
713	Video	Video 713
714	Video	Video 714
715	Video	Video 715
716	Video	Video 716
717	Video	Video 717
718	Video	Video 718
719	Video	Video 719
720	Video	Video 720
721	Video	Video 721
722	Video	Video 722
723	Video	Video 723
724	Video	Video 724
725	Video	Video 725
726	Video	Video 726
727	Video	Video 727
728	Video	Video 728
729	Video	Video 729
730	Video	Video 730
731	Video	Video 731
732	Video	Video 732
733	Video	Video 733
734	Video	Video 734
735	Video	Video 735
736	Video	Video 736
737	Video	Video 737
738	Video	Video 738
739	Video	Video 739
740	Video	Video 740
741	Video	Video 741
742	Video	Video 742
743	Video	Video 743
744	Video	Video 744
745	Video	Video 745
746	Video	Video 746
747	Video	Video 747
748	Video	Video 748
749	Video	Video 749
750	Video	Video 750
751	Video	Video 751
752	Video	Video 752
753	Video	Video 753
754	Video	Video 754
755	Video	Video 755
756	Video	Video 756
757	Video	Video 757
758	Video	Video 758
759	Video	Video 759
760	Video	Video 760
761	Video	Video 761
762	Video	Video 762
763	Video	Video 763
764	Video	Video 764
765	Video	Video 765
766	Video	Video 766
767	Video	Video 767
768	Video	Video 768
769	Video	Video 769
770	Video	Video 770
771	Video	Video 771
772	Video	Video 772
773	Video	Video 773
774	Video	Video 774
775	Video	Video 775
776	Video	Video 776
777	Video	Video 777
778	Video	Video 778
779	Video	Video 779
780	Video	Video 780
781	Video	Video 781
782	Video	Video 782
783	Video	Video 783
784	Video	Video 784
785	Video	Video 785
786	Video	Video 786
787	Video	Video 787
788	Video	Video 788
789	Video	Video 789
790	Video	Video 790
791	Video	Video 791
792	Video	Video 792
793	Video	Video 793
794	Video	Video 794
795	Video	Video 795
796	Video	Video 796
797	Video	Video 797
798	Video	Video 798
799	Video	Video 799
800	Video	Video 800
801	Video	Video 801
802	Video	Video 802
803	Video	Video 803
804	Video	Video 804
805	Video	Video 805
806	Video	Video 806
807	Video	Video 807
808	Video	Video 808
809	Video	Video 809
810	Video	Video 810
811	Video	Video 811
812	Video	Video 812
813	Video	Video 813
814	Video	Video 814
815	Video	Video 815
816	Video	Video 816
817	Video	Video 817
818	Video	Video 818
819	Video	Video 819
820	Video	Video 820
821	Video	Video 821
822	Video	Video 822
823	Video	Video 823
824	Video	Video 824
825	Video	Video 825
826	Video	Video 826
827	Video	Video 827
828	Video	Video 828
829	Video	Video 829
830	Video	Video 830
831	Video	Video 831
832	Video	Video 832
833	Video	Video 833
834	Video	Video 834
835	Video	Video 835
836	Video	Video 836
837	Video	Video 837
838	Video	Video 838
839	Video	Video 839
840	Video	Video 840
841	Video	Video 841
842	Video	Video 842
843	Video	Video 843
844	Video	Video 844
845	Video	Video 845
846	Video	Video 846
847	Video	Video 847
848	Video	Video 848
849	Video	Video 849
850	Video	Video 850
851	Video	Video 851
852	Video	Video 852
853	Video	Video 853
854	Video	Video 854
855	Video	Video 855
856	Video	Video 856
857	Video	Video 857
858	Video	Video 858
859	Video	Video 859
860	Video	Video 860
861	Video	Video 861
862	Video	Video 862
863	Video	Video 863
864	Video	Video 864
865	Video	Video 865
866	Video	Video 866
867	Video	Video 867
868	Video	Video 868
869	Video	Video 869
870	Video	Video 870
871	Video	Video 871
872	Video	Video 872
873	Video	Video 873
874	Video	Video 874
875	Video	Video 875
876	Video	Video 876
877	Video	Video 877
878	Video	Video 878
879	Video	Video 879
880	Video	Video 880
881	Video	Video 881
882	Video	Video 882
883	Video	Video 883
884	Video	Video 884
885	Video	Video 885
886	Video	Video 886
887	Video	Video 887
888	Video	Video 888
889	Video	Video 889
890	Video	Video 890
891	Video	Video 891
892	Video	Video 892
893	Video	Video 893
894	Video	Video 894
895	Video	Video 895
896	Video	Video 896
897	Video	Video 897
898	Video	Video 898
899	Video	Video 899
900	Video	Video 900